{
  "uid" : "83edc06c07f9ae9e47eb6dd1b683e4e2",
  "name" : "packages",
  "children" : [ {
    "name" : "test_product_manage",
    "children" : [ {
      "name" : "按条件【单次点播】进行查询",
      "uid" : "b2c87fba615c7cab",
      "parentUid" : "f6c539fdc9f762cd8364ba97a90417cf",
      "status" : "passed",
      "time" : {
        "start" : 1583910091237,
        "stop" : 1583910094478,
        "duration" : 3241
      },
      "flaky" : false,
      "newFailed" : false,
      "parameters" : [ ]
    }, {
      "name" : "按条件【连续性包月】进行查询",
      "uid" : "b8906d2097361114",
      "parentUid" : "f6c539fdc9f762cd8364ba97a90417cf",
      "status" : "passed",
      "time" : {
        "start" : 1583910094503,
        "stop" : 1583910096366,
        "duration" : 1863
      },
      "flaky" : false,
      "newFailed" : false,
      "parameters" : [ ]
    } ],
    "uid" : "f6c539fdc9f762cd8364ba97a90417cf"
  } ]
}