{
  "uid" : "98d3104e051c652961429bf95fa0b5d6",
  "name" : "suites",
  "children" : [ {
    "name" : "test_product_manage",
    "children" : [ {
      "name" : "Test_ConProConf",
      "children" : [ {
        "name" : "按条件【单次点播】进行查询",
        "uid" : "b2c87fba615c7cab",
        "parentUid" : "c6f4f45358232cfd6c34dfd465040e8c",
        "status" : "passed",
        "time" : {
          "start" : 1583910091237,
          "stop" : 1583910094478,
          "duration" : 3241
        },
        "flaky" : false,
        "newFailed" : false,
        "parameters" : [ ]
      }, {
        "name" : "按条件【连续性包月】进行查询",
        "uid" : "b8906d2097361114",
        "parentUid" : "c6f4f45358232cfd6c34dfd465040e8c",
        "status" : "passed",
        "time" : {
          "start" : 1583910094503,
          "stop" : 1583910096366,
          "duration" : 1863
        },
        "flaky" : false,
        "newFailed" : false,
        "parameters" : [ ]
      } ],
      "uid" : "c6f4f45358232cfd6c34dfd465040e8c"
    } ],
    "uid" : "e4679d5fa39c6706e592f160a2402c1f"
  } ]
}